{"mean": [37.91975, 65.47285000000001, 169.14477499999998, 23.179425, 16.16204, 121.3705, 0.42475, 0.293], "scale": [13.085958502818967, 15.078955463741512, 10.191119305521598, 6.328381243997156, 8.38119450546281, 70.16492877321262, 0.49430500452655746, 0.4551384404771806]}